id,weight_cos,weight_l2,logit_cos,pred_agree,neg_kl,weight_cos_rank,weight_l2_rank,logit_cos_rank,pred_agree_rank,neg_kl_rank,score
0,0.1849842686360716,0.27666446254266597,0.6239141225814819,0.54296875,-1.2416222095489502,0.20891364902506965,0.17548746518105848,0.19220055710306408,0.2562674094707521,0.26740947075208915,0.21100278551532034
1,0.11874137618517863,0.1523796302935776,0.1439802050590515,0.037109375,-4.59822940826416,0.019498607242339833,0.005571030640668524,0.011142061281337047,0.002785515320334262,0.011142061281337047,0.01128133704735376
2,0.2578478444340314,0.3907362752447473,0.8661448359489441,0.796875,-0.3594581186771393,0.5988857938718662,0.6239554317548747,0.6740947075208914,0.6740947075208914,0.6239554317548747,0.6364902506963788
3,0.18249915420989762,0.2796714278533642,0.6935065984725952,0.6171875,-1.5862321853637695,0.20055710306406685,0.1894150417827298,0.24512534818941503,0.3203342618384401,0.16991643454038996,0.2243732590529248
4,0.2654385573440477,0.3938525312299127,1.0,1.0,3.5059422032190923e-10,0.7743732590529248,0.7827298050139275,0.9192200557103064,0.9331476323119777,0.9749303621169917,0.8561281337047353
5,0.9396945041657645,0.6994732393464858,0.8717037439346313,0.7578125,-0.5544463992118835,0.8105849582172702,0.8105849582172702,0.713091922005571,0.48746518105849584,0.45125348189415043,0.7018105849582172
6,0.2632252417816638,0.39279738295146494,0.8649626970291138,0.802734375,-0.3546850383281708,0.7576601671309192,0.766016713091922,0.6573816155988857,0.7186629526462396,0.6406685236768802,0.7167130919220056
7,0.15574292077413082,0.1784919521225885,0.39611321687698364,0.150390625,-2.6376161575317383,0.11420612813370473,0.06128133704735376,0.055710306406685235,0.03899721448467967,0.05013927576601671,0.07130919220055709
8,1.0015706838397698,0.982007346055512,0.9856114983558655,0.955078125,-0.013624918647110462,0.9498607242339833,0.9415041782729805,0.8523676880222841,0.8746518105849582,0.8802228412256268,0.9055710306406686
9,0.8036810636407162,0.5364335559939222,0.8558289408683777,0.787109375,-0.6834098100662231,0.807799442896936,0.807799442896936,0.5598885793871866,0.6072423398328691,0.38440111420612816,0.6733983286908078
10,0.13535057094716654,0.16591607702471523,0.18130046129226685,0.09375,-4.114655494689941,0.052924791086350974,0.027855153203342618,0.016713091922005572,0.016713091922005572,0.019498607242339833,0.030083565459610023
11,0.19226232036645033,0.2880103223463175,0.6540852189064026,0.369140625,-1.7715156078338623,0.25348189415041783,0.20334261838440112,0.20612813370473537,0.14484679665738162,0.14484679665738162,0.20445682451253483
12,0.15232044188822666,0.19997476173555084,0.5432278513908386,0.384765625,-1.770848035812378,0.08635097493036212,0.0807799442896936,0.12534818941504178,0.15598885793871867,0.14763231197771587,0.11155988857938719
13,0.22763640185776415,0.35912535111007293,0.79267817735672,0.7578125,-0.5951941609382629,0.44846796657381616,0.4206128133704735,0.37604456824512533,0.49303621169916434,0.41225626740947074,0.42785515320334266
14,1.0019623176592298,0.9889290360207842,0.9925053715705872,0.97265625,-0.00731267686933279,0.9637883008356546,0.9610027855153204,0.8690807799442897,0.9080779944289693,0.9108635097493036,0.9259052924791086
15,0.18689721961813008,0.2794319993535269,0.7282434701919556,0.46875,-1.244120478630066,0.2200557103064067,0.18662952646239556,0.30362116991643456,0.1894150417827298,0.2646239554317549,0.23412256267409476
16,0.22519461660790582,0.3580316386967334,0.8298821449279785,0.78515625,-0.595568060874939,0.41225626740947074,0.40668523676880225,0.45125348189415043,0.584958217270195,0.40947075208913647,0.44651810584958224
17,0.23263086747343925,0.3743503706978283,0.7576168775558472,0.775390625,-0.3812716603279114,0.48746518105849584,0.4623955431754875,0.3231197771587744,0.5376044568245125,0.5988857938718662,0.4600278551532033
18,0.13213385316329207,0.16372623169674683,0.40476295351982117,0.1953125,-2.6080925464630127,0.04178272980501393,0.025069637883008356,0.06128133704735376,0.06685236768802229,0.0584958217270195,0.04874651810584958
19,0.20478573786934998,0.34366856421860403,0.910730242729187,0.83984375,-0.29464760422706604,0.30919220055710306,0.35376044568245124,0.7520891364902507,0.7827298050139275,0.754874651810585,0.5444289693593315
20,0.1551568570583365,0.17759265358935516,0.37256374955177307,0.12890625,-2.7297134399414062,0.11142061281337047,0.055710306406685235,0.036211699164345405,0.025069637883008356,0.03899721448467967,0.06128133704735376
21,1.000630268097576,0.971920086969611,0.9683015942573547,0.875,-0.11506662517786026,0.9080779944289693,0.9080779944289693,0.8356545961002786,0.8328690807799443,0.83008356545961,0.870891364902507
22,1.0007567436109912,0.9731290165235683,0.9590353965759277,0.83984375,-0.14056478440761566,0.9192200557103064,0.9192200557103064,0.7994428969359332,0.7799442896935933,0.7994428969359332,0.8564066852367689
23,0.23897254074282412,0.37913569805658787,0.8308486938476562,0.689453125,-0.6286290884017944,0.5181058495821727,0.4818941504178273,0.45403899721448465,0.3788300835654596,0.3871866295264624,0.4608635097493037
24,0.9995562599533162,0.9620492136924357,0.9370997548103333,0.828125,-0.22885648906230927,0.8746518105849582,0.8690807799442897,0.7771587743732591,0.7576601671309192,0.7743732590529248,0.8215877437325906
25,0.9995404725266158,0.9619394279142619,0.9141772985458374,0.798828125,-0.32381731271743774,0.871866295264624,0.8662952646239555,0.754874651810585,0.6963788300835655,0.713091922005571,0.7993036211699164
26,0.9998144388012294,0.9638158943722074,0.919589102268219,0.83203125,-0.28257396817207336,0.8802228412256268,0.8746518105849582,0.7604456824512534,0.7771587743732591,0.7688022284122563,0.8225626740947075
27,0.20275646678913686,0.32302812262843483,0.661076009273529,0.5703125,-1.1413291692733765,0.298050139275766,0.2841225626740947,0.21727019498607242,0.2757660167130919,0.2924791086350975,0.27116991643454036
28,1.0004995307858147,0.9707735163744385,0.9663679599761963,0.869140625,-0.12973204255104065,0.8857938718662952,0.8857938718662952,0.8245125348189415,0.8189415041782729,0.8133704735376045,0.8532033426183844
29,0.9997298330998076,0.963192440076496,0.9087423086166382,0.78125,-0.3442608714103699,0.8774373259052924,0.871866295264624,0.7493036211699164,0.5543175487465181,0.6796657381615598,0.7760445682451255
30,0.26119454847571716,0.39202350938895014,0.8641648888587952,0.783203125,-0.3292863965034485,0.7047353760445683,0.7158774373259053,0.6295264623955432,0.5626740947075209,0.7103064066852368,0.6674094707520891
31,0.2572867291217843,0.3903114809884498,0.851845383644104,0.783203125,-0.39581477642059326,0.584958217270195,0.5933147632311978,0.5431754874651811,0.5710306406685237,0.5821727019498607,0.5738161559888579
32,0.17690997275103446,0.2408384044152858,0.79315185546875,0.7421875,-0.532886803150177,0.17827298050139276,0.12813370473537605,0.3816155988857939,0.46518105849582175,0.46518105849582175,0.290807799442897
33,0.15415389311547556,0.20498113982093613,0.7363486886024475,0.62109375,-0.8977110385894775,0.0947075208913649,0.09192200557103064,0.30919220055710306,0.3231197771587744,0.3203342618384401,0.20459610027855152
34,0.9920975971088789,0.9000301251465986,0.9415217041969299,0.841796875,-0.23051173985004425,0.8272980501392758,0.8217270194986073,0.7799442896935933,0.7883008356545961,0.7715877437325905,0.8029247910863511
35,0.9985922097236264,0.9665871730496385,0.993689239025116,0.943359375,-0.02014102414250374,0.8662952646239555,0.8802228412256268,0.871866295264624,0.8635097493036211,0.8607242339832869,0.8694986072423397
36,0.2032820133648688,0.3266870150960094,0.6190699934959412,0.517578125,-1.311008095741272,0.30362116991643456,0.28969359331476324,0.18662952646239556,0.24233983286908078,0.233983286908078,0.25543175487465186
37,0.17768967109470205,0.27175679415469667,0.6940720677375793,0.58984375,-1.2885085344314575,0.18384401114206128,0.16991643454038996,0.25069637883008355,0.2841225626740947,0.24512534818941503,0.21894150417827296
38,0.2597049952413252,0.3914807234680988,0.8669379949569702,0.79296875,-0.349376380443573,0.6629526462395543,0.6852367688022284,0.6991643454038997,0.6434540389972145,0.6657381615598886,0.673816155988858
39,0.23780223388999494,0.38217343635436474,0.8087736368179321,0.677734375,-0.5651181936264038,0.5069637883008357,0.5348189415041783,0.415041782729805,0.3593314763231198,0.44846796657381616,0.4615598885793872
40,0.11693145935615415,0.2898611382467422,1.0,1.0,2.093309747763783e-09,0.013927576601671309,0.21727019498607242,0.9721448467966574,0.9275766016713092,0.9916434540389972,0.5289693593314764
41,0.2570455849299601,0.39032298614924965,0.8510535359382629,0.765625,-0.3844723105430603,0.5766016713091922,0.596100278551532,0.532033426183844,0.4986072423398329,0.5933147632311978,0.5593314763231197
42,0.2610412813338818,0.38743707752186174,0.866185188293457,0.794921875,-0.29414403438568115,0.6991643454038997,0.5487465181058496,0.6824512534818942,0.6573816155988857,0.7576601671309192,0.6644846796657382
43,0.22817590771621177,0.37807378748027376,0.8383865356445312,0.65625,-0.7068638801574707,0.4568245125348189,0.479108635097493,0.479108635097493,0.3370473537604457,0.36768802228412256,0.43997214484679664
44,0.2061872968651511,0.34146866610504034,0.7356715202331543,0.677734375,-0.9498863220214844,0.31197771587743733,0.3398328690807799,0.3064066852367688,0.362116991643454,0.3064066852367688,0.3231197771587744
45,1.0010513692571974,0.9751276657885638,0.9968587756156921,0.962890625,-0.008540181443095207,0.9387186629526463,0.9331476323119777,0.8969359331476323,0.8913649025069638,0.8941504178272981,0.9155988857938718
46,0.2650869953906833,0.39370480683559983,1.0,1.0,3.1333615702067164e-09,0.7715877437325905,0.7799442896935933,0.9554317548746518,0.9387186629526463,0.9944289693593314,0.8665738161559888
47,0.21321150471262681,0.35594988815999584,0.7906806468963623,0.59375,-0.9100682139396667,0.3370473537604457,0.38997214484679665,0.37047353760445684,0.298050139275766,0.31754874651810583,0.3481894150417827
48,0.1877136345954629,0.2813073879067629,0.7076383829116821,0.47265625,-1.3398222923278809,0.22562674094707522,0.19498607242339833,0.27298050139275765,0.20055710306406685,0.2200557103064067,0.22701949860724235
49,0.14889025992775284,0.3014401169077736,0.6792377233505249,0.62890625,-0.8026171922683716,0.08356545961002786,0.2646239554317549,0.22841225626740946,0.32590529247910865,0.34540389972144847,0.21852367688022287
50,0.19417572027868243,0.30183304360251306,0.7029644250869751,0.46875,-1.28883695602417,0.27298050139275765,0.26740947075208915,0.2590529247910863,0.19220055710306408,0.24233983286908078,0.2532033426183844
51,0.22329935657327488,0.35092702481457483,0.5692851543426514,0.490234375,-1.523463487625122,0.4011142061281337,0.3649025069637883,0.1532033426183844,0.21727019498607242,0.18384401114206128,0.2825905292479109
52,0.2208766962406105,0.33082742423926004,0.4465752840042114,0.36328125,-2.1195216178894043,0.3732590529247911,0.31197771587743733,0.09192200557103064,0.13649025069637882,0.10306406685236769,0.22813370473537609
53,1.000745836442731,0.9730265584631249,0.9603369832038879,0.875,-0.16383877396583557,0.9136490250696379,0.9164345403899722,0.8022284122562674,0.8272980501392758,0.7938718662952646,0.8614206128133705
54,1.0010508492414325,0.9751222630651327,0.995839536190033,0.94921875,-0.01490703783929348,0.9331476323119777,0.9275766016713092,0.8913649025069638,0.871866295264624,0.8774373259052924,0.9068245125348189
55,0.21408085133219756,0.3572583916376856,0.8064762353897095,0.591796875,-0.9351820349693298,0.3398328690807799,0.403899721448468,0.40668523676880225,0.2924791086350975,0.30919220055710306,0.35919220055710305
56,0.25680384042787113,0.3903053864595192,0.860572099685669,0.78125,-0.4041471481323242,0.5654596100278552,0.5905292479108635,0.5821727019498607,0.5487465181058496,0.5710306406685237,0.5727019498607242
57,1.0007522886901252,0.9730215597559188,0.9606014490127563,0.8515625,-0.1410341113805771,0.9164345403899722,0.9136490250696379,0.8050139275766016,0.7994428969359332,0.7966573816155988,0.8584958217270194
58,0.137556374140956,0.16805513585335974,0.39553898572921753,0.189453125,-2.654788017272949,0.055710306406685235,0.036211699164345405,0.052924791086350974,0.06406685236768803,0.04735376044568245,0.05153203342618384
59,0.1828958452964326,0.28036032248068177,0.711703360080719,0.60546875,-1.3683984279632568,0.20334261838440112,0.19220055710306408,0.2785515320334262,0.31197771587743733,0.21727019498607242,0.23760445682451256
60,0.2208815282600631,0.32969365655065663,0.4368830621242523,0.3515625,-2.173595428466797,0.37604456824512533,0.30362116991643456,0.07242339832869081,0.13370473537604458,0.09192200557103064,0.22089136490250696
61,0.25631673395265864,0.3888331623783261,0.8166447877883911,0.69921875,-0.5887457132339478,0.5571030640668524,0.5682451253481894,0.43454038997214484,0.3955431754874652,0.4178272980501393,0.4905292479108635
62,0.1928916437991011,0.3007899256211858,0.6990653276443481,0.45703125,-1.3118658065795898,0.2646239554317549,0.2590529247910863,0.2562674094707521,0.17548746518105848,0.23119777158774374,0.24470752089136488
63,0.13977262407048657,0.17220198261560848,0.4448818564414978,0.240234375,-2.322451114654541,0.06406685236768803,0.04456824512534819,0.08913649025069638,0.08356545961002786,0.07242339832869081,0.0701949860724234
64,0.1324662746118914,0.2988735584395511,1.0,1.0,5.866334085169456e-10,0.05013927576601671,0.2562674094707521,0.9415041782729805,0.9415041782729805,0.9777158774373259,0.5406685236768802
65,0.15436987042289738,0.19811197559976945,0.5262810587882996,0.390625,-1.7743221521377563,0.10027855153203342,0.07242339832869081,0.12256267409470752,0.1615598885793872,0.14206128133704735,0.1136490250696379
66,0.225173518323778,0.35848540506423876,0.8414684534072876,0.783203125,-0.5257501602172852,0.40947075208913647,0.41225626740947074,0.48746518105849584,0.5654596100278552,0.479108635097493,0.45988857938718664
67,0.20298106657719434,0.3274292713590641,0.6247245073318481,0.513671875,-1.310610294342041,0.3008356545961003,0.2924791086350975,0.19498607242339833,0.2395543175487465,0.23676880222841226,0.25710306406685235
68,0.25621105135936584,0.3900677328173896,0.8620033264160156,0.787109375,-0.36973893642425537,0.5515320334261838,0.5793871866295265,0.5877437325905293,0.5988857938718662,0.6100278551532033,0.579108635097493
69,0.173680166035443,0.24004642124951203,0.25549861788749695,0.111328125,-3.8633737564086914,0.1671309192200557,0.12534818941504178,0.025069637883008356,0.019498607242339833,0.025069637883008356,0.08690807799442898
70,0.20867245340423116,0.3555491929483743,0.7927895784378052,0.6953125,-0.586326003074646,0.32590529247910865,0.38440111420612816,0.3788300835654596,0.39275766016713093,0.4233983286908078,0.3706128133704735
71,1.0022068764178502,1.0,1.0,1.0,-1.912075608956343e-09,0.9972144846796658,0.9944289693593314,0.947075208913649,0.9554317548746518,0.9303621169916435,0.9711699164345403
72,0.13242613560909128,0.29862638874323444,1.0,1.0,-4.8116710615886404e-09,0.04735376044568245,0.25348189415041783,0.9498607242339833,0.947075208913649,0.9192200557103064,0.5363509749303621
73,0.9951505467150684,0.9330344622616312,0.9282636642456055,0.828125,-0.29677480459213257,0.83008356545961,0.83008356545961,0.7688022284122563,0.7604456824512534,0.7493036211699164,0.7962395543175488
74,0.18881546156173779,0.2828186146071059,0.6856579780578613,0.47265625,-1.4277002811431885,0.2395543175487465,0.1977715877437326,0.23676880222841226,0.1977715877437326,0.19498607242339833,0.2197771587743733
75,0.22820734258251896,0.35958487387352733,0.7980373501777649,0.771484375,-0.5483492612838745,0.4596100278551532,0.42896935933147634,0.3871866295264624,0.5097493036211699,0.4568245125348189,0.44261838440111423
76,0.21442685126379823,0.35952626893626327,0.8026611804962158,0.603515625,-0.9306135177612305,0.34540389972144847,0.4233983286908078,0.3955431754874652,0.30362116991643456,0.31197771587743733,0.3639275766016713
77,0.2581376473800095,0.3908599616043198,0.8610676527023315,0.787109375,-0.35754066705703735,0.6155988857938719,0.6434540389972145,0.584958217270195,0.6016713091922006,0.6323119777158774,0.613091922005571
78,1.0020579569461092,0.9938737163138053,0.9978653788566589,0.966796875,-0.007603966630995274,0.9721448467966574,0.9749303621169917,0.9164345403899722,0.9025069637883009,0.9025069637883009,0.9413649025069638
79,0.19858319348855302,0.31150900980503793,0.8761574625968933,0.75,-0.426012247800827,0.28969359331476324,0.28133704735376047,0.7270194986072424,0.467966573816156,0.5431754874651811,0.44944289693593314
80,0.14037946479584162,0.1693291474277634,0.3851076364517212,0.162109375,-2.700161933898926,0.06685236768802229,0.04178272980501393,0.04456824512534819,0.04456824512534819,0.04456824512534819,0.050696378830083565
81,0.25805645272457894,0.39082640668281154,1.0,1.0,-2.6498625516069296e-10,0.6100278551532033,0.6350974930362117,0.9637883008356546,0.9860724233983287,0.9610027855153204,0.7949860724233982
82,0.2660009430806556,0.3940791149674401,1.0,1.0,-5.007283476743396e-11,0.7799442896935933,0.7883008356545961,0.9665738161559888,0.9888579387186629,0.9665738161559888,0.8782729805013928
83,0.2570914979278982,0.39043047207223847,1.0,1.0,-1.1617533601793184e-09,0.5821727019498607,0.6072423398328691,0.9972144846796658,0.9944289693593314,0.947075208913649,0.7892757660167132
84,0.2182821125553503,0.3247145097468189,0.4359765946865082,0.326171875,-2.166734457015991,0.3593314763231198,0.28690807799442897,0.06963788300835655,0.10027855153203342,0.09749303621169916,0.2073816155988858
85,0.1865814840692214,0.2781986655928659,0.7200084328651428,0.48828125,-1.275815725326538,0.21448467966573817,0.181058495821727,0.298050139275766,0.21448467966573817,0.2562674094707521,0.23286908077994425
86,1.0017500346607309,0.9847965686199188,0.9794655442237854,0.888671875,-0.08321305364370346,0.9526462395543176,0.9526462395543176,0.8467966573816156,0.8384401114206128,0.841225626740947,0.8979108635097494
87,0.18194686850018799,0.24565078967383946,0.6043210029602051,0.296875,-1.9637548923492432,0.19220055710306408,0.1392757660167131,0.17548746518105848,0.0947075208913649,0.12534818941504178,0.15612813370473538
88,0.23217762038371054,0.3743367723736287,0.7637208104133606,0.78515625,-0.36564332246780396,0.48467966573816157,0.4596100278551532,0.33147632311977715,0.5821727019498607,0.6155988857938719,0.46908077994428965
89,0.2608648947453771,0.3919431009443196,0.8662673830986023,0.806640625,-0.33606410026550293,0.6908077994428969,0.7047353760445683,0.6908077994428969,0.7270194986072424,0.6908077994428969,0.699025069637883
90,0.9978857216263756,0.953498899855975,0.9481143355369568,0.826171875,-0.19886556267738342,0.8551532033426184,0.8551532033426184,0.7855153203342619,0.754874651810585,0.7827298050139275,0.8154596100278552
91,1.0007741004561463,0.9732072672637694,0.9614748954772949,0.86328125,-0.14003947377204895,0.9220055710306406,0.9220055710306406,0.8105849582172702,0.8133704735376045,0.8022284122562674,0.8658774373259053
92,0.18329788559498725,0.24855442818236184,0.5863341093063354,0.265625,-2.1030282974243164,0.20612813370473537,0.14763231197771587,0.1671309192200557,0.08635097493036212,0.11142061281337047,0.15724233983286906
93,0.20799709571131567,0.34203266005947786,0.7585383653640747,0.71875,-0.8536410331726074,0.3203342618384401,0.3426183844011142,0.32590529247910865,0.43175487465181056,0.3342618384401114,0.3442896935933148
94,0.21419217317398415,0.35809167808458064,0.8146727085113525,0.607421875,-0.8279272317886353,0.3426183844011142,0.40947075208913647,0.42896935933147634,0.3147632311977716,0.3426183844011142,0.3733983286908078
95,0.16143172409098755,0.19803404363238808,0.5058730244636536,0.232421875,-2.3002753257751465,0.12256267409470752,0.06963788300835655,0.11142061281337047,0.07520891364902507,0.08356545961002786,0.09818941504178272
96,1.0005204220447153,0.9709410422913662,0.966725766658783,0.853515625,-0.13327133655548096,0.8941504178272981,0.8941504178272981,0.8272980501392758,0.8022284122562674,0.807799442896936,0.8550139275766017
97,0.25973299992985727,0.3914979873855984,0.8645294904708862,0.810546875,-0.3359068036079407,0.6657381615598886,0.6880222841225627,0.637883008356546,0.7325905292479109,0.6935933147632312,0.6760445682451254
98,0.2264459392105695,0.35544448154985153,0.5598176121711731,0.498046875,-1.5401670932769775,0.43175487465181056,0.3788300835654596,0.13370473537604458,0.22841225626740946,0.17827298050139276,0.2908077994428969
99,0.2581268686751699,0.3907938229695542,0.8581298589706421,0.771484375,-0.4369509220123291,0.6128133704735376,0.6295264623955432,0.5793871866295265,0.5125348189415042,0.520891364902507,0.5835654596100279
100,0.1619029830055577,0.19843255814015093,0.504856288433075,0.216796875,-2.316721200942993,0.12534818941504178,0.07520891364902507,0.10863509749303621,0.06963788300835655,0.07799442896935933,0.09805013927576602
101,0.9976051677000536,0.9463830104011643,0.9290434122085571,0.83203125,-0.28374674916267395,0.8495821727019499,0.841225626740947,0.7715877437325905,0.7743732590529248,0.7632311977715878,0.8084958217270195
102,0.9978226946914697,0.9531700258312052,0.9481279253959656,0.845703125,-0.18282872438430786,0.8523676880222841,0.8523676880222841,0.7883008356545961,0.7910863509749304,0.7855153203342619,0.820473537604457
103,0.16902537283455987,0.2424049563968007,0.21812240779399872,0.130859375,-3.9017105102539062,0.15877437325905291,0.1309192200557103,0.019498607242339833,0.027855153203342618,0.022284122562674095,0.0850974930362117
104,1.0010513221482065,0.9751268754438511,0.9969391226768494,0.96875,-0.009099125862121582,0.935933147632312,0.9303621169916435,0.8997214484679665,0.9052924791086351,0.8885793871866295,0.9164345403899721
105,0.25892653169536683,0.39118495116150376,1.0,1.0,-2.8314466327117316e-09,0.6462395543175488,0.6685236768802229,0.9832869080779945,0.924791086350975,0.9220055710306406,0.8043175487465181
106,0.14589932744181472,0.1662783720198474,0.4439772963523865,0.3359375,-1.9634058475494385,0.07242339832869081,0.033426183844011144,0.08635097493036212,0.11142061281337047,0.12813370473537605,0.07952646239554317
107,0.2389548159248038,0.3814227409115737,0.8720672726631165,0.7109375,-0.5310982465744019,0.5153203342618384,0.532033426183844,0.7158774373259053,0.4178272980501393,0.467966573816156,0.5494428969359331
108,0.9984330491820895,0.9565329801811417,0.9525281190872192,0.83984375,-0.2030179351568222,0.8607242339832869,0.8607242339832869,0.7966573816155988,0.7855153203342619,0.7799442896935933,0.8253481894150418
109,0.25752804025044385,0.390607924160286,1.0,1.0,1.86906312649171e-09,0.5905292479108635,0.6128133704735376,0.9888579387186629,0.9220055710306406,0.9860724233983287,0.7838440111420611
110,1.0018407956954887,0.9829253758740486,0.9951218962669373,0.9453125,-0.015402627177536488,0.958217270194986,0.9498607242339833,0.8802228412256268,0.8662952646239555,0.8746518105849582,0.9149025069637882
111,0.2590807893136176,0.391224988651655,0.853607714176178,0.787109375,-0.3745634853839874,0.6518105849582173,0.6713091922005571,0.5487465181058496,0.596100278551532,0.6072423398328691,0.6171309192200558
112,0.2530555661635972,0.3883133981164124,0.8496795892715454,0.791015625,-0.3939513564109802,0.5403899721448467,0.5626740947075209,0.520891364902507,0.6323119777158774,0.5877437325905293,0.5584958217270195
113,0.13153230987828166,0.15708044826722833,0.623164176940918,0.541015625,-1.2637593746185303,0.036211699164345405,0.013927576601671309,0.1894150417827298,0.25348189415041783,0.2618384401114206,0.12520891364902506
114,1.0006906846061425,0.9725387384361337,0.9607001543045044,0.84765625,-0.1305963695049286,0.9108635097493036,0.9108635097493036,0.807799442896936,0.7938718662952646,0.8105849582172702,0.8575208913649026
115,1.0008677195272344,0.9741259625161972,0.9636828899383545,0.875,-0.12967686355113983,0.924791086350975,0.924791086350975,0.8133704735376045,0.8245125348189415,0.8189415041782729,0.8713091922005571
116,0.2619469413485752,0.3924209248318178,1.0,1.0,5.883186826594056e-09,0.724233983286908,0.7409470752089137,0.9916434540389972,0.9610027855153204,1.0,0.8575208913649025
117,0.22111072836293325,0.33135148932509007,0.4415219724178314,0.33984375,-2.1031460762023926,0.38440111420612816,0.3231197771587744,0.08356545961002786,0.11420612813370473,0.10863509749303621,0.2288300835654596
118,0.2547987753299865,0.3891466635383788,0.8478468656539917,0.798828125,-0.4235791563987732,0.5487465181058496,0.5766016713091922,0.4986072423398329,0.6908077994428969,0.5487465181058496,0.563091922005571
119,0.13911833019097708,0.16835731562266243,0.4284530282020569,0.240234375,-2.429783344268799,0.06128133704735376,0.03899721448467967,0.06406685236768803,0.0807799442896936,0.06963788300835655,0.06128133704735376
120,0.11888899417814051,0.15473637948804186,0.15032078325748444,0.0625,-4.5636138916015625,0.022284122562674095,0.008356545961002786,0.013927576601671309,0.013927576601671309,0.013927576601671309,0.01532033426183844
121,1.0005592401128274,0.9713013694128031,0.9663249254226685,0.853515625,-0.12115920335054398,0.8969359331476323,0.8969359331476323,0.8217270194986073,0.8050139275766016,0.8245125348189415,0.8571030640668524
122,0.20835929130763828,0.3457274751926833,0.7710972428321838,0.537109375,-1.0639853477478027,0.3231197771587744,0.3565459610027855,0.3398328690807799,0.25069637883008355,0.29526462395543174,0.3203342618384401
123,0.2583021051840187,0.39092514403244527,1.0,1.0,-1.7496768478508784e-09,0.6267409470752089,0.6518105849582173,0.9944289693593314,0.9721448467966574,0.9415041782729805,0.8069637883008356
124,1.0022068764178502,1.0,1.0,1.0,-1.912075608956343e-09,0.9888579387186629,0.9972144846796658,0.9442896935933147,0.9805013927576601,0.935933147632312,0.9728412256267409
125,0.19628159888915317,0.32974012380094,0.833312451839447,0.7578125,-0.4655570089817047,0.28133704735376047,0.3064066852367688,0.4596100278551532,0.49025069637883006,0.5069637883008357,0.3848189415041783
126,0.1668457726975708,0.23820221614797332,0.23896613717079163,0.1328125,-4.126924514770508,0.15598885793871867,0.116991643454039,0.022284122562674095,0.03064066852367688,0.016713091922005572,0.08203342618384402
127,0.1821773948785267,0.2457175057756268,0.590334415435791,0.306640625,-1.9782850742340088,0.1977715877437326,0.14206128133704735,0.16991643454038996,0.09749303621169916,0.12256267409470752,0.15710306406685234
128,0.22435166665372674,0.3551972390065844,0.8226014971733093,0.78515625,-0.5705028176307678,0.403899721448468,0.37604456824512533,0.4428969359331476,0.5877437325905293,0.43454038997214484,0.4387186629526463
129,0.25849316896180324,0.39100049744578713,1.0,1.0,-2.7469582164485473e-11,0.6350974930362117,0.6601671309192201,0.9303621169916435,0.9972144846796658,0.9693593314763231,0.8016713091922005
130,0.2641680404242762,0.3932111852245559,0.8497560024261475,0.75390625,-0.4939701557159424,0.766016713091922,0.7743732590529248,0.5236768802228412,0.4763231197771588,0.49025069637883006,0.6360724233983286
131,0.2319025234114216,0.3744213236175702,0.7550426721572876,0.783203125,-0.3757336437702179,0.4763231197771588,0.46518105849582175,0.3147632311977716,0.5766016713091922,0.6016713091922006,0.4612813370473538
132,0.2208935210183087,0.3690061674554056,0.8136090040206909,0.703125,-0.5302892327308655,0.3788300835654596,0.45125348189415043,0.42618384401114207,0.4011142061281337,0.47075208913649025,0.41768802228412255
133,0.24010061940460686,0.37933235378977004,0.8745297789573669,0.716796875,-0.5333632230758667,0.5236768802228412,0.48746518105849584,0.7214484679665738,0.4233983286908078,0.4623955431754875,0.5447075208913649
134,0.161000149252457,0.19710624039272373,0.5068637132644653,0.236328125,-2.3202614784240723,0.11977715877437325,0.06685236768802229,0.11420612813370473,0.07799442896935933,0.07520891364902507,0.09707520891364903
135,0.25398052084121453,0.38874864224488404,0.8493443131446838,0.798828125,-0.4029196500778198,0.5459610027855153,0.5654596100278552,0.5153203342618384,0.6935933147632312,0.5738161559888579,0.5671309192200557
136,0.9955290239498996,0.9467763626937701,0.994151771068573,0.95703125,-0.012071770615875721,0.8384401114206128,0.8467966573816156,0.8746518105849582,0.8802228412256268,0.883008356545961,0.8598885793871868
137,0.2304736552087865,0.37953195256095096,0.856817364692688,0.69140625,-0.575984537601471,0.467966573816156,0.49025069637883006,0.5682451253481894,0.3871866295264624,0.42896935933147634,0.4814763231197771
138,1.0022068764178502,1.0,1.0,1.0,-1.912075608956343e-09,1.0,1.0,0.924791086350975,0.9303621169916435,0.9387186629526463,0.964623955431755
139,0.19315110494570378,0.2884129836338518,0.6796959638595581,0.34375,-1.696494698524475,0.26740947075208915,0.20612813370473537,0.23119777158774374,0.116991643454039,0.1532033426183844,0.21211699164345404
140,1.0005849580855661,0.9715219608101452,0.9679323434829712,0.87109375,-0.12971770763397217,0.8997214484679665,0.8997214484679665,0.8328690807799443,0.8217270194986073,0.8161559888579387,0.8629526462395543
141,0.2598322947262876,0.38717059706101686,0.86503005027771,0.796875,-0.30260488390922546,0.6740947075208914,0.5431754874651811,0.6629526462395543,0.6824512534818942,0.7409470752089137,0.6530640668523677
142,0.25816325916377264,0.39085386638876407,0.8509686589241028,0.76953125,-0.4334983825683594,0.6211699164345403,0.6406685236768802,0.5292479108635098,0.5041782729805014,0.532033426183844,0.5756267409470752
143,0.22057765857840966,0.33093125863198825,0.4386337399482727,0.330078125,-2.1538753509521484,0.37047353760445684,0.31754874651810583,0.07799442896935933,0.10584958217270195,0.10027855153203342,0.2200557103064067
144,0.13235505041437942,0.16357491870412366,0.3739069998264313,0.171875,-2.75891375541687,0.04456824512534819,0.022284122562674095,0.04178272980501393,0.0584958217270195,0.036211699164345405,0.040668523676880224
145,1.0022068764178502,1.0,1.0,1.0,-1.912075608956343e-09,0.9916434540389972,0.9916434540389972,0.9220055710306406,0.9526462395543176,0.9275766016713092,0.9619777158774374
146,0.24769183486991264,0.3792024201506188,0.8836446404457092,0.73046875,-0.4847698211669922,0.5348189415041783,0.48467966573816157,0.7409470752089137,0.4428969359331476,0.4958217270194986,0.5586350974930362
147,0.18729900578593583,0.2790944073239875,0.7085380554199219,0.478515625,-1.2737817764282227,0.22284122562674094,0.18384401114206128,0.2757660167130919,0.20334261838440112,0.2590529247910863,0.2289693593314763
148,1.001766347930824,0.9850292432660656,0.9908608794212341,0.978515625,-0.008258353918790817,0.9554317548746518,0.9554317548746518,0.8635097493036211,0.9136490250696379,0.8969359331476323,0.92033426183844
149,0.15506744573571213,0.23767255277893595,0.6172859072685242,0.53515625,-1.2182490825653076,0.10863509749303621,0.11420612813370473,0.18384401114206128,0.2479108635097493,0.27298050139275765,0.1658774373259053
150,0.22560891500737268,0.35554455036981947,0.5740490555763245,0.509765625,-1.4207489490509033,0.42618384401114207,0.3816155988857939,0.15877437325905291,0.23676880222841226,0.20055710306406685,0.2994428969359332
151,0.23894938188124848,0.38022661089686494,0.8422787189483643,0.73046875,-0.5356494188308716,0.5125348189415042,0.5097493036211699,0.49025069637883006,0.4456824512534819,0.4596100278551532,0.49108635097493036
152,0.1767794850960678,0.24003543659012383,0.7799685001373291,0.740234375,-0.5663691163063049,0.17548746518105848,0.12256267409470752,0.35097493036211697,0.45403899721448465,0.4428969359331476,0.2772980501392757
153,0.9971396509615575,0.9495977834671692,0.9459362030029297,0.830078125,-0.21497759222984314,0.8467966573816156,0.8495821727019499,0.7827298050139275,0.766016713091922,0.7771587743732591,0.8122562674094707
154,0.12895878148258338,0.2985106661931982,1.0,1.0,-5.188158791469277e-10,0.03064066852367688,0.25069637883008355,0.935933147632312,0.9777158774373259,0.9554317548746518,0.5355153203342619
155,0.14615578632083195,0.3053136926245512,0.635316014289856,0.533203125,-1.147233486175537,0.07520891364902507,0.2757660167130919,0.1977715877437326,0.24512534818941503,0.28969359331476324,0.19289693593314763
156,0.24081756936230145,0.3800465279226115,0.874343752861023,0.720703125,-0.5095869898796082,0.5264623955431755,0.5069637883008357,0.7186629526462396,0.4373259052924791,0.48467966573816157,0.5530640668523678
157,0.17503155648216714,0.26640775756823476,0.6558350920677185,0.568359375,-1.559406042098999,0.16991643454038996,0.15598885793871867,0.20891364902506965,0.27298050139275765,0.17548746518105848,0.1928969359331476
158,0.2371877046255731,0.3809031061858966,0.8342832922935486,0.685546875,-0.601117730140686,0.5041782729805014,0.520891364902507,0.4623955431754875,0.36768802228412256,0.4011142061281337,0.4662952646239554
159,0.26232145716031896,0.39245563549782636,0.8637982606887817,0.80078125,-0.36431166529655457,0.7381615598885793,0.7465181058495822,0.6100278551532033,0.7019498607242339,0.6183844011142061,0.6903899721448468
160,0.2319421455830811,0.37998960105276247,0.8544020056724548,0.70703125,-0.624795138835907,0.479108635097493,0.5013927576601671,0.5543175487465181,0.40668523676880225,0.38997214484679665,0.48259052924791085
161,0.26287300336624286,0.3925573530172525,0.8647680282592773,0.77734375,-0.3301848769187927,0.7465181058495822,0.754874651810585,0.6434540389972145,0.5431754874651811,0.7075208913649025,0.6880222841225627
162,0.2610832810910151,0.39197018616913415,0.8639816641807556,0.802734375,-0.3108829855918884,0.7019498607242339,0.7103064066852368,0.6211699164345403,0.7158774373259053,0.724233983286908,0.6877437325905292
163,0.1469273673135578,0.3040574769374219,0.7198455333709717,0.662109375,-0.6938331127166748,0.0807799442896936,0.27298050139275765,0.29526462395543174,0.34540389972144847,0.3788300835654596,0.24233983286908078
164,0.15604505719709008,0.1783967092826444,0.3731037378311157,0.12890625,-2.710099220275879,0.116991643454039,0.0584958217270195,0.03899721448467967,0.022284122562674095,0.04178272980501393,0.06406685236768801
165,0.18513055295053732,0.2759164354181628,0.636700451374054,0.55859375,-1.2049479484558105,0.2116991643454039,0.17270194986072424,0.20055710306406685,0.2646239554317549,0.28133704735376047,0.21601671309192197
166,0.25657181244348753,0.39020908894532125,0.8634290099143982,0.794921875,-0.35408759117126465,0.5598885793871866,0.584958217270195,0.6016713091922006,0.6685236768802229,0.6434540389972145,0.6
167,0.19213548015132634,0.290264383580508,0.6572384834289551,0.369140625,-1.7643046379089355,0.25069637883008355,0.22284122562674094,0.2116991643454039,0.14763231197771587,0.15041782729805014,0.20988857938718664
168,1.0012389852627843,0.9897117567838639,0.9977737069129944,0.96484375,-0.007587649393826723,0.9415041782729805,0.9637883008356546,0.9108635097493036,0.8997214484679665,0.9080779944289693,0.9286908077994429
169,0.11490516982879846,0.2902928156326421,1.0,1.0,3.3269431654048276e-10,0.011142061281337047,0.22562674094707522,0.9275766016713092,0.9832869080779945,0.9721448467966574,0.5250696378830084
170,0.22894213649173895,0.35597877777210785,0.5616732239723206,0.484375,-1.5082447528839111,0.46518105849582175,0.39275766016713093,0.1392757660167131,0.20891364902506965,0.19220055710306408,0.3034818941504178
171,0.26147096321404806,0.39209639370021754,0.8668010830879211,0.806640625,-0.33050572872161865,0.713091922005571,0.7186629526462396,0.6963788300835655,0.724233983286908,0.7019498607242339,0.7105849582172702
172,0.2639613826447102,0.3930183241133539,0.8649472594261169,0.771484375,-0.323167085647583,0.7632311977715878,0.7715877437325905,0.6545961002785515,0.520891364902507,0.7158774373259053,0.696657381615599
173,0.23298942650657892,0.38036540695645593,0.8545122146606445,0.689453125,-0.6204719543457031,0.49025069637883006,0.5125348189415042,0.5571030640668524,0.37604456824512533,0.39275766016713093,0.48454038997214477
174,1.0021360309500555,0.9937734399324623,0.9901356101036072,0.916015625,-0.04267321527004242,0.9749303621169917,0.9693593314763231,0.8607242339832869,0.8440111420612814,0.8467966573816156,0.9128133704735376
175,0.21964283319471448,0.3669482058147774,0.8106539249420166,0.716796875,-0.552276611328125,0.3649025069637883,0.4456824512534819,0.4206128133704735,0.42896935933147634,0.45403899721448465,0.4135097493036211
176,0.16376101903251394,0.2009862007367389,0.4678511321544647,0.171875,-2.525083303451538,0.13649025069637882,0.08356545961002786,0.10027855153203342,0.052924791086350974,0.06406685236768803,0.09707520891364903
177,0.22767755997626557,0.35612731080911453,0.5669980049133301,0.498046875,-1.5120476484298706,0.45125348189415043,0.3983286908077994,0.14763231197771587,0.22562674094707522,0.1894150417827298,0.30473537604456824
178,0.25768422090715326,0.39066827689827044,0.8627713322639465,0.78125,-0.3530995845794678,0.5933147632311978,0.6155988857938719,0.5905292479108635,0.5515320334261838,0.649025069637883,0.5963788300835655
179,0.16388197384189632,0.20756961541290697,0.8087458610534668,0.6875,-0.7040520310401917,0.1392757660167131,0.0947075208913649,0.41225626740947074,0.37047353760445684,0.37047353760445684,0.2564066852367688
180,0.25697997016392016,0.3902818853071247,0.8511455059051514,0.791015625,-0.3991049826145172,0.5710306406685237,0.5877437325905293,0.5348189415041783,0.6239554317548747,0.5793871866295265,0.5740947075208913
181,0.6397327839365846,0.41428629023704944,0.7214545011520386,0.58984375,-1.403351068496704,0.7994428969359332,0.7994428969359332,0.3008356545961003,0.28969359331476324,0.20891364902506965,0.5392757660167131
182,1.0014025498314636,0.9799322157812806,0.9748764634132385,0.875,-0.09495045244693756,0.947075208913649,0.9387186629526463,0.841225626740947,0.83008356545961,0.8356545961002786,0.8902506963788301
183,0.19279748942765387,0.2885051186811717,0.6671753525733948,0.375,-1.6531240940093994,0.2618384401114206,0.20891364902506965,0.22284122562674094,0.15041782729805014,0.1615598885793872,0.2147632311977716
184,0.18666841291437042,0.2780420902755252,0.7038658857345581,0.466796875,-1.2848156690597534,0.21727019498607242,0.17827298050139276,0.2646239554317549,0.18662952646239556,0.2479108635097493,0.21977715877437326
185,1.0005162951495707,0.9709049675542926,0.9723801016807556,0.892578125,-0.10394008457660675,0.8913649025069638,0.8885793871866295,0.8384401114206128,0.841225626740947,0.8328690807799443,0.8642061281337047
186,0.15395238283365661,0.1767334349869345,0.3896717131137848,0.150390625,-2.63212251663208,0.09192200557103064,0.05013927576601671,0.04735376044568245,0.036211699164345405,0.052924791086350974,0.06016713091922006
187,0.25845623693687714,0.3890192094142455,0.7885158061981201,0.79296875,-0.4216513931751251,0.6323119777158774,0.5710306406685237,0.3565459610027855,0.637883008356546,0.5515320334261838,0.5438718662952646
188,0.2579785252932128,0.39079429553283296,0.8578523397445679,0.794921875,-0.37487083673477173,0.6044568245125348,0.6323119777158774,0.5766016713091922,0.6629526462395543,0.6044568245125348,0.6118384401114206
189,0.2076851670592231,0.3421307813729618,0.7541429400444031,0.705078125,-0.8848204016685486,0.31754874651810583,0.34540389972144847,0.31197771587743733,0.403899721448468,0.32590529247910865,0.3355153203342618
190,0.228038183849123,0.3588396005331427,0.7944132089614868,0.767578125,-0.5875909328460693,0.45403899721448465,0.4178272980501393,0.38440111420612816,0.5013927576601671,0.4206128133704735,0.43314763231197767
191,0.25751561772801723,0.39059892041683086,0.86858069896698,0.81640625,-0.2952728271484375,0.5877437325905293,0.6100278551532033,0.7103064066852368,0.7437325905292479,0.7520891364902507,0.6626740947075208
192,0.2600578580289641,0.3916101101984274,0.867039144039154,0.7890625,-0.3461819887161255,0.6796657381615598,0.6963788300835655,0.7019498607242339,0.6100278551532033,0.6768802228412256,0.6778551532033426
193,0.5670654886664666,0.3903277528209108,0.78985196352005,0.755859375,-0.864168107509613,0.7966573816155988,0.5988857938718662,0.36768802228412256,0.4818941504178273,0.33147632311977715,0.5561281337047354
194,0.21580963488078245,0.3595365278045194,0.803618848323822,0.599609375,-0.8484324216842651,0.35376044568245124,0.42618384401114207,0.3983286908077994,0.3008356545961003,0.3370473537604457,0.3697771587743732
195,1.0021393813391117,0.993907142480639,0.9972513318061829,0.96484375,-0.009004810824990273,0.9832869080779945,0.9832869080779945,0.9052924791086351,0.8969359331476323,0.8913649025069638,0.9416434540389973
196,0.17557544598337432,0.2669444729552548,0.68287593126297,0.59375,-1.3327529430389404,0.17270194986072424,0.15877437325905291,0.233983286908078,0.29526462395543174,0.22284122562674094,0.2086350974930362
197,0.19524101471903985,0.3023020538708727,0.7170249223709106,0.458984375,-1.3023862838745117,0.2757660167130919,0.27019498607242337,0.28690807799442897,0.17827298050139276,0.2395543175487465,0.25919220055710307
198,1.002056878382165,0.9938274906248686,0.9954654574394226,0.95703125,-0.01645592600107193,0.9693593314763231,0.9721448467966574,0.8857938718662952,0.8774373259052924,0.8690807799442897,0.9252089136490251
199,0.2629870135513379,0.39270758905256764,0.8642537593841553,0.794921875,-0.3631260395050049,0.754874651810585,0.7632311977715878,0.6323119777158774,0.6657381615598886,0.6211699164345403,0.6991643454038998
200,0.2585216387808037,0.3910099842308039,0.8636204600334167,0.796875,-0.3506079614162445,0.6406685236768802,0.6657381615598886,0.6044568245125348,0.6768802228412256,0.6573816155988857,0.6437325905292479
201,0.21071319106598244,0.35257755385246836,0.7889898419380188,0.5859375,-0.9304340481758118,0.33147632311977715,0.36768802228412256,0.3593314763231198,0.28133704735376047,0.3147632311977716,0.33649025069637883
202,0.16267768894478574,0.22944371744270298,0.5608497262001038,0.423828125,-1.6077914237976074,0.1309192200557103,0.10027855153203342,0.13649025069637882,0.1671309192200557,0.1671309192200557,0.1352367688022284
203,0.9788688817350618,0.8946678980676974,0.7183740139007568,0.935546875,-0.03874530643224716,0.8189415041782729,0.8189415041782729,0.28969359331476324,0.8523676880222841,0.8523676880222841,0.6949860724233983
204,0.18173401358569524,0.24522367834376424,0.5916370749473572,0.267578125,-2.0134310722351074,0.1894150417827298,0.13370473537604458,0.17270194986072424,0.08913649025069638,0.11977715877437325,0.1520891364902507
205,0.9980627653064255,0.9544616291447895,0.952305018901825,0.82421875,-0.1693306714296341,0.8579387186629527,0.8579387186629527,0.7910863509749304,0.7520891364902507,0.7910863509749304,0.8186629526462397
206,0.21561529226870327,0.35960445390865137,0.7754853367805481,0.58984375,-0.8965744972229004,0.35097493036211697,0.43175487465181056,0.34540389972144847,0.28690807799442897,0.3231197771587744,0.3533426183844011
207,0.2605881112458837,0.38750222216010843,0.8648067712783813,0.814453125,-0.3015666604042053,0.6824512534818942,0.5515320334261838,0.649025069637883,0.7381615598885793,0.7437325905292479,0.6623955431754874
208,0.262893110053468,0.3926329739713563,0.8567619323730469,0.751953125,-0.41294896602630615,0.7493036211699164,0.7576601671309192,0.5654596100278552,0.47075208913649025,0.5626740947075209,0.6445682451253483
209,0.1990441967779173,0.3308895851409529,0.8362817168235779,0.79296875,-0.42685258388519287,0.2924791086350975,0.3147632311977716,0.467966573816156,0.649025069637883,0.5403899721448467,0.4190807799442897
210,0.9953843753703359,0.9338772089142579,0.9305732846260071,0.828125,-0.2841000258922577,0.8328690807799443,0.8328690807799443,0.7743732590529248,0.7632311977715878,0.7604456824512534,0.8005571030640668
211,0.1643563886883036,0.23547073493450477,0.5182150602340698,0.3515625,-1.8649886846542358,0.14484679665738162,0.10584958217270195,0.11977715877437325,0.1309192200557103,0.13370473537604458,0.12757660167130921
212,0.2131464283924201,0.35599731756494,0.7606421113014221,0.5625,-0.9835922122001648,0.3342618384401114,0.3955431754874652,0.3286908077994429,0.26740947075208915,0.3008356545961003,0.3317548746518106
213,0.26069797141591644,0.3917658492203866,0.8638067245483398,0.79296875,-0.3677331209182739,0.6880222841225627,0.6991643454038997,0.6155988857938719,0.6545961002785515,0.6128133704735376,0.6596100278551531
214,0.22222697092850419,0.33057503412786415,0.4486687481403351,0.365234375,-2.0984673500061035,0.39275766016713093,0.30919220055710306,0.0947075208913649,0.1392757660167131,0.11420612813370473,0.23565459610027856
215,0.6823917478209064,0.44322830875315644,0.8252769708633423,0.75390625,-0.8302334547042847,0.8022284122562674,0.8022284122562674,0.4456824512534819,0.4735376044568245,0.3398328690807799,0.6175487465181059
216,0.2580053191923947,0.3907906584287967,0.8640267252922058,0.814453125,-0.339084267616272,0.6072423398328691,0.6267409470752089,0.6239554317548747,0.7409470752089137,0.6880222841225627,0.6434540389972145
217,0.21020790955019852,0.34918288895499805,0.7765825986862183,0.5625,-1.046932578086853,0.3286908077994429,0.362116991643454,0.34818941504178275,0.27019498607242337,0.298050139275766,0.32841225626740944
218,0.9985933565107175,0.9665963428718077,0.9966265559196472,0.9609375,-0.009278860874474049,0.8690807799442897,0.883008356545961,0.8941504178272981,0.883008356545961,0.8857938718662952,0.8818941504178273
219,0.22520618168355594,0.37429207888333516,0.8327145576477051,0.650390625,-0.7182053327560425,0.415041782729805,0.4568245125348189,0.4568245125348189,0.33147632311977715,0.3593314763231198,0.4157381615598886
220,0.1658897287734958,0.23644729730876501,0.31119170784950256,0.16796875,-3.253746271133423,0.15041782729805014,0.11142061281337047,0.03064066852367688,0.05013927576601671,0.03064066852367688,0.08565459610027856
221,0.9889044707224647,0.9222169069298102,0.9889318346977234,0.947265625,-0.02263808622956276,0.8245125348189415,0.8272980501392758,0.8579387186629527,0.8690807799442897,0.8579387186629527,0.8434540389972145
222,0.18214841486829722,0.24801305279409347,0.5805386900901794,0.2734375,-2.0944206714630127,0.19498607242339833,0.14484679665738162,0.1615598885793872,0.09192200557103064,0.116991643454039,0.15334261838440114
223,0.22541939741028527,0.3534460638358973,0.5649374127388,0.486328125,-1.5216903686523438,0.4233983286908078,0.37047353760445684,0.14484679665738162,0.2116991643454039,0.18662952646239556,0.28774373259052927
224,1.0021397723011372,0.9942671077895192,0.9970495700836182,0.982421875,-0.0027614652644842863,0.9860724233983287,0.9860724233983287,0.9025069637883009,0.9164345403899722,0.9164345403899722,0.9477715877437326
225,0.19262212152578448,0.29023537764743423,0.666395366191864,0.34765625,-1.7911689281463623,0.2562674094707521,0.2200557103064067,0.2200557103064067,0.12813370473537605,0.1392757660167131,0.20905292479108636
226,0.25037698912612766,0.38659821491385926,0.8485488891601562,0.775390625,-0.443855345249176,0.5376044568245125,0.5403899721448467,0.5069637883008357,0.532033426183844,0.5153203342618384,0.5274373259052925
227,1.0006098089853697,0.9717750436341368,0.9651771783828735,0.861328125,-0.11836449056863785,0.9052924791086351,0.9052924791086351,0.8189415041782729,0.8105849582172702,0.8272980501392758,0.861699164345404
228,0.10288349371168877,0.12248257051173528,0.0742979496717453,0.037109375,-4.754854202270508,0.002785515320334262,0.002785515320334262,0.0,0.005571030640668524,0.005571030640668524,0.002785515320334262
229,0.1900317788958414,0.291874760269199,0.7068712115287781,0.462890625,-1.3764119148254395,0.24512534818941503,0.23676880222841226,0.27019498607242337,0.181058495821727,0.21448467966573817,0.23704735376044567
230,0.15472581148687367,0.17664888072823326,0.3994910418987274,0.166015625,-2.599231004714966,0.10306406685236769,0.04735376044568245,0.0584958217270195,0.04735376044568245,0.06128133704735376,0.06824512534818943
231,1.001248918211947,0.9781211514207225,0.9775834679603577,0.876953125,-0.08354634046554565,0.9442896935933147,0.935933147632312,0.8440111420612814,0.8356545961002786,0.8384401114206128,0.8906685236768802
232,0.25774700509793363,0.39069063885669797,0.8483438491821289,0.75390625,-0.43536221981048584,0.596100278551532,0.6183844011142061,0.5013927576601671,0.479108635097493,0.5236768802228412,0.5520891364902507
233,0.25706141889594586,0.3904170068071823,0.8661710023880005,0.791015625,-0.355312705039978,0.5793871866295265,0.6044568245125348,0.6768802228412256,0.6350974930362117,0.637883008356546,0.6229805013927576
234,0.2597636292163656,0.3915242510420702,1.0,1.0,-2.1317081433380736e-09,0.6685236768802229,0.6935933147632312,0.9749303621169917,1.0,0.924791086350975,0.8254874651810584
235,0.1430127021389584,0.17894069942617774,0.12692715227603912,0.041015625,-4.7507853507995605,0.06963788300835655,0.06406685236768803,0.008356545961002786,0.008356545961002786,0.008356545961002786,0.03788300835654597
236,1.000991914863562,0.9822662031890738,0.9953173398971558,0.94140625,-0.01610051468014717,0.9275766016713092,0.9442896935933147,0.883008356545961,0.8579387186629527,0.871866295264624,0.9037604456824512
237,0.2253806043162137,0.34258830937648455,0.7653254270553589,0.7421875,-0.7023619413375854,0.4206128133704735,0.35097493036211697,0.3342618384401114,0.4623955431754875,0.3732590529247911,0.3866295264623955
238,0.2581556711713099,0.39085299416653285,0.8493513464927673,0.78125,-0.4679577648639679,0.6183844011142061,0.637883008356546,0.5181058495821727,0.5571030640668524,0.5041782729805014,0.5766016713091922
239,0.9956037797699925,0.9347520916956404,0.9281526803970337,0.83203125,-0.3026120066642761,0.841225626740947,0.8356545961002786,0.766016713091922,0.7715877437325905,0.7381615598885793,0.8005571030640669
240,0.18792341674773883,0.2909539520950334,0.6887415051460266,0.451171875,-1.4182512760162354,0.23119777158774374,0.22841225626740946,0.24233983286908078,0.16991643454038996,0.20334261838440112,0.2214484679665738
241,0.18970624372745454,0.26177232311548293,0.8657708764076233,0.7421875,-0.529329776763916,0.24233983286908078,0.15041782729805014,0.6713091922005571,0.4596100278551532,0.4735376044568245,0.38690807799442894
242,0.26096865335313707,0.3919705222123233,0.8484933376312256,0.76171875,-0.42958080768585205,0.6963788300835655,0.713091922005571,0.5041782729805014,0.4958217270194986,0.5376044568245125,0.6057103064066853
243,0.9788684710026306,0.8946671510619861,0.7186627388000488,0.9375,-0.0395052395761013,0.8161559888579387,0.8161559888579387,0.2924791086350975,0.8551532033426184,0.8495821727019499,0.6944289693593315
244,0.10699867473897362,0.28969033450874393,1.0,1.0,-1.6389325452337289e-09,0.005571030640668524,0.21448467966573817,0.9610027855153204,0.9637883008356546,0.9442896935933147,0.5238161559888579
245,0.12749743200914834,0.2961896515278586,1.0,1.0,8.391118910822115e-10,0.027855153203342618,0.24512534818941503,0.958217270194986,0.9665738161559888,0.9805013927576601,0.5399721448467966
246,0.2533901231757029,0.38831206271547913,0.846328616142273,0.783203125,-0.39576685428619385,0.5431754874651811,0.5598885793871866,0.4958217270194986,0.5738161559888579,0.584958217270195,0.5434540389972145
247,0.20375840641371115,0.3423672647759167,0.8771293759346008,0.798828125,-0.34959876537323,0.3064066852367688,0.34818941504178275,0.7325905292479109,0.6852367688022284,0.6601671309192201,0.5135097493036211
248,0.2152477948626552,0.36425082667940767,0.8024808168411255,0.693359375,-0.569038987159729,0.34818941504178275,0.4401114206128134,0.39275766016713093,0.38997214484679665,0.4373259052924791,0.3928969359331477
249,0.15343389318734618,0.2012574248559268,0.5586795210838318,0.380859375,-1.6740068197250366,0.08913649025069638,0.08635097493036212,0.12813370473537605,0.1532033426183844,0.15598885793871867,0.11462395543175487
250,0.262111510012847,0.39239059049793845,0.8507750630378723,0.7734375,-0.44011980295181274,0.7270194986072424,0.7353760445682451,0.5264623955431755,0.5292479108635098,0.5181058495821727,0.6279944289693593
251,0.1466074386459965,0.16612782251555902,0.4697282314300537,0.34765625,-1.8570653200149536,0.07799442896935933,0.03064066852367688,0.10306406685236769,0.12534818941504178,0.13649025069637882,0.08774373259052924
252,0.13167055789987164,0.16194122335813155,0.36123114824295044,0.142578125,-2.826345443725586,0.03899721448467967,0.019498607242339833,0.033426183844011144,0.033426183844011144,0.033426183844011144,0.03231197771587744
253,0.25977913195510743,0.39150134240250034,0.8661810755729675,0.8046875,-0.3304433822631836,0.6713091922005571,0.6908077994428969,0.6796657381615598,0.7214484679665738,0.7047353760445683,0.6881615598885794
254,0.267892486676665,0.39485390188808345,1.0,1.0,-6.570253230364642e-10,0.7883008356545961,0.7938718662952646,1.0,0.9498607242339833,0.9526462395543176,0.883008356545961
255,0.17357956427093627,0.27039393271649326,0.6704583168029785,0.60546875,-1.1728286743164062,0.16434540389972144,0.1671309192200557,0.22562674094707522,0.30919220055710306,0.2841225626740947,0.2139275766016713
256,0.25998445390902036,0.38913919561006516,0.7851226925849915,0.796875,-0.4175581932067871,0.6768802228412256,0.5738161559888579,0.35376044568245124,0.6713091922005571,0.5598885793871866,0.5629526462395543
257,0.23533971986887628,0.3807042910354064,0.8349549770355225,0.666015625,-0.5809803009033203,0.4986072423398329,0.5181058495821727,0.46518105849582175,0.35097493036211697,0.42618384401114207,0.4647632311977716
258,0.22826921805875328,0.3586574369295663,0.7988763451576233,0.76953125,-0.5999376177787781,0.4623955431754875,0.415041782729805,0.38997214484679665,0.5069637883008357,0.403899721448468,0.43565459610027857
259,1.0020349083748463,0.9907246756392852,0.9943854808807373,0.974609375,-0.00513242743909359,0.9665738161559888,0.9665738161559888,0.8774373259052924,0.9108635097493036,0.9136490250696379,0.9306406685236769
260,0.16466744461201147,0.20230508927185065,0.4830114543437958,0.171875,-2.4477195739746094,0.14763231197771587,0.08913649025069638,0.10584958217270195,0.055710306406685235,0.06685236768802229,0.10362116991643454
261,0.9984386281285501,0.9566357270366929,0.952406644821167,0.849609375,-0.17074261605739594,0.8635097493036211,0.8635097493036211,0.7938718662952646,0.7966573816155988,0.7883008356545961,0.8285515320334262
262,0.7553977733558105,0.4925787344869873,0.7722564339637756,0.681640625,-0.979638397693634,0.8050139275766016,0.8050139275766016,0.3426183844011142,0.3649025069637883,0.30362116991643456,0.5732590529247911
263,0.19569394365917017,0.3291534416251938,0.8404887914657593,0.802734375,-0.4204829931259155,0.2785515320334262,0.298050139275766,0.48467966573816157,0.713091922005571,0.5543175487465181,0.4267409470752089
264,0.1639542899735436,0.20788475449690946,0.7894052267074585,0.66796875,-0.6974303722381592,0.14206128133704735,0.09749303621169916,0.362116991643454,0.35376044568245124,0.37604456824512533,0.24331476323119777
265,0.2606103190579214,0.39181648673731184,0.8664860725402832,0.7890625,-0.3064836263656616,0.6852367688022284,0.7019498607242339,0.6935933147632312,0.6128133704735376,0.7298050139275766,0.6842618384401115
266,0.22273956403972325,0.34875315580760724,0.5593765377998352,0.484375,-1.5710766315460205,0.3983286908077994,0.3593314763231198,0.1309192200557103,0.20612813370473537,0.17270194986072424,0.2722841225626741
267,0.2585018223540162,0.3910041581945525,0.8629288673400879,0.79296875,-0.3562772274017334,0.637883008356546,0.6629526462395543,0.596100278551532,0.6518105849582173,0.6350974930362117,0.6342618384401114
268,0.23131592872128942,0.37386612907677186,0.7564516067504883,0.771484375,-0.4020692706108093,0.4735376044568245,0.45403899721448465,0.31754874651810583,0.5236768802228412,0.5766016713091922,0.44846796657381616
269,0.22227237366617877,0.3314935790852419,0.4309205114841461,0.34765625,-2.2264254093170166,0.3955431754874652,0.32590529247910865,0.06685236768802229,0.12256267409470752,0.08635097493036212,0.22757660167130916
270,0.21614319394893688,0.362660887305039,0.8059868812561035,0.71875,-0.524306058883667,0.3565459610027855,0.43454038997214484,0.403899721448468,0.43454038997214484,0.4818941504178273,0.4082172701949861
271,0.26270678972476946,0.3925530108226556,0.8647947311401367,0.771484375,-0.3306299149990082,0.7437325905292479,0.7520891364902507,0.6462395543175488,0.5181058495821727,0.6991643454038997,0.6827298050139275
272,0.25905884234236964,0.39122932957757317,0.8653777241706848,0.794921875,-0.3508530855178833,0.649025069637883,0.6740947075208914,0.6685236768802229,0.6601671309192201,0.6545961002785515,0.6611420612813371
273,1.0006010060271968,0.9716334481774183,0.9676474928855896,0.86328125,-0.12586985528469086,0.9025069637883009,0.9025069637883009,0.83008356545961,0.8161559888579387,0.8217270194986073,0.8633704735376044
274,0.22043154250574254,0.3683526643645513,0.8091908097267151,0.58203125,-0.868274986743927,0.36768802228412256,0.44846796657381616,0.4178272980501393,0.2785515320334262,0.3286908077994429,0.37910863509749304
275,0.2663370115241086,0.394215465595659,1.0,1.0,1.7992378698039602e-09,0.7827298050139275,0.7910863509749304,0.9526462395543176,0.9442896935933147,0.9832869080779945,0.8711699164345404
276,1.0018909758415728,0.9872990541916784,0.9849177598953247,0.919921875,-0.05842820554971695,0.9610027855153204,0.958217270194986,0.8495821727019499,0.8467966573816156,0.8440111420612814,0.9037604456824512
277,0.22728743052302375,0.3563964036360523,0.5719075798988342,0.4921875,-1.3995401859283447,0.4456824512534819,0.4011142061281337,0.15598885793871867,0.2200557103064067,0.2116991643454039,0.3071030640668524
278,0.22111338382512827,0.3311670873067315,0.4370150864124298,0.34375,-2.1831674575805664,0.3871866295264624,0.3203342618384401,0.07520891364902507,0.11977715877437325,0.08913649025069638,0.22590529247910862
279,0.2614220284520485,0.3921194491398474,0.8566141128540039,0.787109375,-0.3891809582710266,0.7103064066852368,0.7214484679665738,0.5626740947075209,0.5933147632311978,0.5905292479108635,0.6461002785515321
280,0.1385232158482561,0.15899538632821786,0.1074150800704956,0.048828125,-5.125309944152832,0.0584958217270195,0.016713091922005572,0.005571030640668524,0.011142061281337047,0.002785515320334262,0.024233983286908074
281,0.22724485438481024,0.37770105817406163,0.8364125490188599,0.64453125,-0.7206425666809082,0.4428969359331476,0.4763231197771588,0.47075208913649025,0.3286908077994429,0.3565459610027855,0.4307799442896936
282,0.2670718264626785,0.39086391843647705,0.8157337307929993,0.70703125,-0.593351423740387,0.7855153203342619,0.6462395543175488,0.43175487465181056,0.40947075208913647,0.415041782729805,0.5757660167130919
283,0.496706477990282,0.3640354063270408,0.6935639381408691,0.607421875,-1.1725568771362305,0.7938718662952646,0.4373259052924791,0.2479108635097493,0.31754874651810583,0.28690807799442897,0.46392757660167133
284,0.18866656153233338,0.2923851010637878,0.7148111462593079,0.494140625,-1.3180493116378784,0.23676880222841226,0.2395543175487465,0.2841225626740947,0.22284122562674094,0.22841225626740946,0.24623955431754874
285,0.23457546348199038,0.3810595383550752,0.8577972054481506,0.701171875,-0.6184033155441284,0.4958217270194986,0.5264623955431755,0.5738161559888579,0.3983286908077994,0.3955431754874652,0.4967966573816156
286,0.22537325971990105,0.376794520476987,0.8072240352630615,0.658203125,-0.7357191443443298,0.4178272980501393,0.467966573816156,0.40947075208913647,0.3398328690807799,0.35376044568245124,0.4076601671309192
287,0.22116631801116277,0.3320450230702853,0.45261964201927185,0.369140625,-2.110654592514038,0.38997214484679665,0.3286908077994429,0.09749303621169916,0.14206128133704735,0.10584958217270195,0.23899721448467967
288,0.2563117560557792,0.3901050707407486,0.8683188557624817,0.81640625,-0.30353254079818726,0.5543175487465181,0.5821727019498607,0.7075208913649025,0.7465181058495822,0.7325905292479109,0.6448467966573815
289,0.2596955320032462,0.39147787399846756,0.8529531359672546,0.78125,-0.4350241422653198,0.6601671309192201,0.6824512534818942,0.5459610027855153,0.5459610027855153,0.5264623955431755,0.6055710306406685
290,0.21888295586086945,0.3287707147347394,0.441412091255188,0.333984375,-2.1670327186584473,0.362116991643454,0.29526462395543174,0.0807799442896936,0.10863509749303621,0.0947075208913649,0.21364902506963787
291,0.19052070534227195,0.26224616248576016,0.8384353518486023,0.716796875,-0.5662424564361572,0.2479108635097493,0.1532033426183844,0.4818941504178273,0.42618384401114207,0.4456824512534819,0.333983286908078
292,0.2271673266949893,0.3546194383835407,0.5683141350746155,0.5,-1.5263762474060059,0.4401114206128134,0.3732590529247911,0.15041782729805014,0.23119777158774374,0.181058495821727,0.297075208913649
293,0.23204278515405313,0.38002581828527926,0.8572853803634644,0.69140625,-0.5958606004714966,0.4818941504178273,0.5041782729805014,0.5710306406685237,0.38440111420612816,0.40668523676880225,0.48649025069637886
294,0.11894676821014685,0.29384057578447753,1.0,1.0,-8.051248556739665e-10,0.025069637883008356,0.24233983286908078,0.9777158774373259,0.9749303621169917,0.9498607242339833,0.5416434540389973
295,0.10732820483374844,0.2879712658251552,1.0,1.0,-4.804032727179219e-10,0.008356545961002786,0.20055710306406685,0.9805013927576601,0.9693593314763231,0.958217270194986,0.5289693593314763
296,0.16211276976111622,0.19879142420064777,0.509103000164032,0.220703125,-2.302391529083252,0.12813370473537605,0.07799442896935933,0.116991643454039,0.07242339832869081,0.0807799442896936,0.10222841225626743
297,0.1978079496801987,0.32931264193104803,0.8370193839073181,0.791015625,-0.4200558066368103,0.28690807799442897,0.3008356545961003,0.4735376044568245,0.6211699164345403,0.5571030640668524,0.41350974930362117
298,0.261704508406094,0.3923015720805454,0.8541672825813293,0.79296875,-0.4259650707244873,0.7186629526462396,0.7270194986072424,0.5515320334261838,0.6406685236768802,0.5459610027855153,0.64958217270195
299,0.23127893947205938,0.3797417142669913,0.8273780941963196,0.689453125,-0.6062436103820801,0.47075208913649025,0.4958217270194986,0.44846796657381616,0.3732590529247911,0.3983286908077994,0.4483286908077994
300,1.002138995017145,0.993891740531832,0.9955945014953613,0.9609375,-0.01707560569047928,0.9777158774373259,0.9777158774373259,0.8885793871866295,0.8857938718662952,0.8662952646239555,0.9305013927576602
301,0.26434358210132397,0.3932765442325682,0.8489195108413696,0.783203125,-0.4821135997772217,0.7688022284122563,0.7771587743732591,0.5097493036211699,0.5682451253481894,0.4986072423398329,0.6486072423398328
302,0.26141245802881957,0.38720788653210714,0.8649667501449585,0.78515625,-0.31407856941223145,0.7075208913649025,0.5459610027855153,0.6601671309192201,0.5793871866295265,0.7214484679665738,0.6455431754874651
303,0.2594760327734961,0.39140475495711835,0.8512767553329468,0.810546875,-0.3815690577030182,0.6545961002785515,0.6768802228412256,0.5376044568245125,0.7353760445682451,0.596100278551532,0.6360724233983287
304,0.2637670161435372,0.3929656925832107,0.8652571439743042,0.802734375,-0.35187482833862305,0.7604456824512534,0.7688022284122563,0.6657381615598886,0.7103064066852368,0.6518105849582173,0.7200557103064067
305,0.2595140088368157,0.39141676962569305,0.8636664152145386,0.791015625,-0.34687748551368713,0.6573816155988857,0.6796657381615598,0.6072423398328691,0.6295264623955432,0.6740947075208914,0.6467966573816155
306,0.9400256214068308,0.703467961397094,0.9001028537750244,0.80859375,-0.4455323815345764,0.8133704735376045,0.8133704735376045,0.7437325905292479,0.7298050139275766,0.5125348189415042,0.7533426183844012
307,0.256821712661023,0.3881137639116379,0.7911861538887024,0.79296875,-0.4333305060863495,0.5682451253481894,0.5571030640668524,0.3732590529247911,0.6462395543175488,0.5348189415041783,0.5256267409470753
308,0.1667216409028321,0.23630455638557113,0.30875176191329956,0.18359375,-3.356642723083496,0.1532033426183844,0.10863509749303621,0.027855153203342618,0.06128133704735376,0.027855153203342618,0.08662952646239554
309,0.26228684660102664,0.39238085248988996,0.8675682544708252,0.791015625,-0.2993537485599518,0.7353760445682451,0.7325905292479109,0.7047353760445683,0.6155988857938719,0.7465181058495822,0.7103064066852367
310,0.19327228436176008,0.28896315244924,0.6857142448425293,0.38671875,-1.6686160564422607,0.27019498607242337,0.2116991643454039,0.2395543175487465,0.15877437325905291,0.15877437325905291,0.22298050139275766
311,0.2615527275966246,0.3921249909124601,0.8644732236862183,0.802734375,-0.3030480742454529,0.7158774373259053,0.724233983286908,0.6350974930362117,0.7075208913649025,0.7353760445682451,0.698050139275766
312,0.25679519361237596,0.3880953134220989,0.7895165681838989,0.798828125,-0.4105466604232788,0.5626740947075209,0.5543175487465181,0.3649025069637883,0.6880222841225627,0.5654596100278552,0.530640668523677
313,1.002139273385248,0.9939062481595857,0.9978424906730652,0.96484375,-0.007602522149682045,0.9805013927576601,0.9805013927576601,0.9136490250696379,0.8941504178272981,0.9052924791086351,0.9433147632311977
314,0.19279429675307128,0.30127176774246955,0.7141299247741699,0.47265625,-1.2798547744750977,0.2590529247910863,0.2618384401114206,0.28133704735376047,0.19498607242339833,0.25069637883008355,0.25473537604456825
315,0.2659357019876287,0.3940515982545676,1.0,1.0,3.5337563986104215e-09,0.7771587743732591,0.7855153203342619,0.9860724233983287,0.958217270194986,0.9972144846796658,0.8802228412256268
316,0.18776717485677702,0.2913883765886979,0.703255832195282,0.466796875,-1.4050261974334717,0.22841225626740946,0.233983286908078,0.2618384401114206,0.18384401114206128,0.20612813370473537,0.2289693593314763
317,0.2210857476038231,0.36691204126528454,0.8049820065498352,0.689453125,-0.5731277465820312,0.3816155988857939,0.4428969359331476,0.4011142061281337,0.3816155988857939,0.43175487465181056,0.4037604456824513
318,0.9955287933062151,0.9467749154870995,0.9923551082611084,0.943359375,-0.019153179600834846,0.8356545961002786,0.8440111420612814,0.8662952646239555,0.8607242339832869,0.8635097493036211,0.8515320334261839
319,0.23374563066786241,0.38057717173469297,0.8188846111297607,0.6640625,-0.689895510673523,0.49303621169916434,0.5153203342618384,0.4401114206128134,0.34818941504178275,0.3816155988857939,0.4513927576601671
320,0.9998929431631666,0.9653715327079648,0.9158949255943298,0.796875,-0.3185710310935974,0.883008356545961,0.8774373259052924,0.7576601671309192,0.6796657381615598,0.7186629526462396,0.8036211699164345
321,0.23788013067108427,0.3823642157182868,0.8178573846817017,0.708984375,-0.5687990188598633,0.5097493036211699,0.5376044568245125,0.4373259052924791,0.41225626740947074,0.4401114206128134,0.47562674094707513
322,0.25877507254233023,0.390990109686972,0.863804280757904,0.775390625,-0.35772615671157837,0.6434540389972145,0.6573816155988857,0.6128133704735376,0.5403899721448467,0.6295264623955432,0.6217270194986072
323,0.22450503321971363,0.34133213628230175,0.75730299949646,0.73828125,-0.7455865740776062,0.40668523676880225,0.3370473537604457,0.3203342618384401,0.45125348189415043,0.35097493036211697,0.37228412256267407
324,0.18091044531799336,0.24525157084854854,0.6107017397880554,0.330078125,-1.9120696783065796,0.18662952646239556,0.13649025069637882,0.17827298050139276,0.10306406685236769,0.1309192200557103,0.1564066852367688
325,0.22674445723786252,0.37739229289667864,0.812788188457489,0.658203125,-0.7149242758750916,0.4373259052924791,0.47075208913649025,0.4233983286908078,0.3426183844011142,0.3649025069637883,0.41908077994428966
326,0.2265402347258009,0.37744219184859273,0.8373302817344666,0.673828125,-0.7171549201011658,0.43454038997214484,0.4735376044568245,0.4763231197771588,0.3565459610027855,0.362116991643454,0.4338440111420613
327,0.26232469571957917,0.3924997981585544,0.8489681482315063,0.771484375,-0.40748274326324463,0.7409470752089137,0.7493036211699164,0.5125348189415042,0.5153203342618384,0.5682451253481894,0.634401114206128
328,0.15494235849592383,0.2389042323076267,0.6164517402648926,0.548828125,-1.2788164615631104,0.10584958217270195,0.11977715877437325,0.181058495821727,0.2590529247910863,0.25348189415041783,0.1651810584958217
329,0.22635727771900013,0.35557323849460587,0.5825636386871338,0.501953125,-1.4276776313781738,0.42896935933147634,0.3871866295264624,0.16434540389972144,0.233983286908078,0.1977715877437326,0.30208913649025065
330,0.06821216810697135,0.08375181859565062,0.077415332198143,0.025390625,-5.3100175857543945,0.0,0.0,0.002785515320334262,0.0,0.0,0.0006963788300835655
331,0.2583385110781366,0.3909286352405462,0.8645705580711365,0.798828125,-0.3392100930213928,0.6295264623955432,0.6545961002785515,0.6406685236768802,0.6991643454038997,0.6852367688022284,0.6533426183844012
332,0.2063208020568933,0.3408371716773728,0.768671989440918,0.734375,-0.7902291417121887,0.3147632311977716,0.3342618384401114,0.3370473537604457,0.44846796657381616,0.34818941504178275,0.34763231197771594
333,0.25793091733274337,0.3907100581031089,0.8629281520843506,0.775390625,-0.35828763246536255,0.6016713091922006,0.6211699164345403,0.5933147632311978,0.5348189415041783,0.6267409470752089,0.5959610027855153
334,0.2569842686084035,0.3903799592589844,0.8641216158866882,0.80078125,-0.34740328788757324,0.5738161559888579,0.6016713091922006,0.6267409470752089,0.7047353760445683,0.6713091922005571,0.6220055710306407
335,0.20243963583104954,0.3374288649772764,0.9065371155738831,0.818359375,-0.31034839153289795,0.29526462395543174,0.33147632311977715,0.7465181058495822,0.7493036211699164,0.7270194986072424,0.5266016713091922
336,0.17743230194385662,0.26990789192837583,0.7049357295036316,0.65234375,-1.2308056354522705,0.181058495821727,0.16434540389972144,0.26740947075208915,0.3342618384401114,0.27019498607242337,0.2311977715877437
337,0.11775111572409266,0.29630843062949896,1.0,1.0,-1.29467547793638e-10,0.016713091922005572,0.2479108635097493,0.9693593314763231,0.9916434540389972,0.9637883008356546,0.5420612813370473
338,0.25820601408902294,0.3908826063041416,0.8649412989616394,0.791015625,-0.34937846660614014,0.6239554317548747,0.649025069637883,0.6518105849582173,0.6267409470752089,0.6629526462395543,0.64025069637883
339,0.24180390721357384,0.38099249688303394,0.8771252632141113,0.7109375,-0.5276051163673401,0.5292479108635098,0.5236768802228412,0.7298050139275766,0.415041782729805,0.4763231197771588,0.555849582172702
340,0.24211089883386278,0.3798582144098597,0.8782783150672913,0.728515625,-0.5039403438568115,0.532033426183844,0.4986072423398329,0.7353760445682451,0.4401114206128134,0.48746518105849584,0.5579387186629526
341,1.000992446297436,0.9822751037781352,0.9976040124893188,0.962890625,-0.008053038269281387,0.9303621169916435,0.947075208913649,0.9080779944289693,0.8885793871866295,0.8997214484679665,0.9188022284122563
342,0.17136258788775058,0.2678179371486732,0.6590341329574585,0.603515625,-1.21686851978302,0.1615598885793872,0.1615598885793872,0.21448467966573817,0.3064066852367688,0.2757660167130919,0.20793871866295266
343,0.9956977687210063,0.9351601260289362,0.9257009029388428,0.830078125,-0.28317514061927795,0.8440111420612814,0.8384401114206128,0.7632311977715878,0.7688022284122563,0.766016713091922,0.8036211699164346
344,0.16336278534332124,0.23054800259685604,0.5634475946426392,0.39453125,-1.6424720287322998,0.13370473537604458,0.10306406685236769,0.14206128133704735,0.16434540389972144,0.16434540389972144,0.1373259052924791
345,0.13031808279458534,0.15511301088473317,0.648445725440979,0.556640625,-1.208406686782837,0.033426183844011144,0.011142061281337047,0.20334261838440112,0.2618384401114206,0.2785515320334262,0.13022284122562675
346,1.0005150169360701,0.9709380910962156,0.9649505019187927,0.859375,-0.13673797249794006,0.8885793871866295,0.8913649025069638,0.8161559888579387,0.807799442896936,0.8050139275766016,0.8505571030640668
347,0.2621602464607669,0.39239179332903007,0.8662342429161072,0.787109375,-0.34890133142471313,0.7298050139275766,0.7381615598885793,0.6852367688022284,0.6044568245125348,0.6685236768802229,0.6954038997214483
348,0.9889026162367512,0.9222111220503564,0.9863063097000122,0.93359375,-0.030991580337285995,0.8217270194986073,0.8245125348189415,0.8551532033426184,0.8495821727019499,0.8551532033426184,0.8381615598885794
349,0.19683700320704722,0.30772730809892956,0.8442602157592773,0.7421875,-0.4511650502681732,0.2841225626740947,0.2785515320334262,0.49303621169916434,0.4568245125348189,0.5097493036211699,0.3837047353760445
350,0.23921339573373998,0.379741041135346,0.8833065032958984,0.71484375,-0.4918569326400757,0.520891364902507,0.49303621169916434,0.7381615598885793,0.4206128133704735,0.49303621169916434,0.5518105849582173
351,0.262261728946595,0.392424049471647,0.8639165759086609,0.791015625,-0.33297041058540344,0.7325905292479109,0.7437325905292479,0.6183844011142061,0.6183844011142061,0.6963788300835655,0.6855153203342619
352,0.26892323727794215,0.39528092836557394,1.0,1.0,2.073843985428425e-09,0.7910863509749304,0.7966573816155988,0.9387186629526463,0.9192200557103064,0.9888579387186629,0.8681058495821727
353,0.26298175633261034,0.39265194195336084,0.8662497401237488,0.783203125,-0.35397064685821533,0.7520891364902507,0.7604456824512534,0.6880222841225627,0.5598885793871866,0.6462395543175488,0.6983286908077995
354,0.2364850700779526,0.38114302887333307,0.8746311664581299,0.755859375,-0.4727171063423157,0.5013927576601671,0.5292479108635098,0.724233983286908,0.48467966573816157,0.5013927576601671,0.5601671309192201
355,0.15422337903280126,0.1769265492557005,0.39475297927856445,0.16015625,-2.6286849975585938,0.09749303621169916,0.052924791086350974,0.05013927576601671,0.04178272980501393,0.055710306406685235,0.06420612813370474
356,0.18835830136257847,0.2910813660083239,0.698269784450531,0.451171875,-1.327338695526123,0.233983286908078,0.23119777158774374,0.25348189415041783,0.17270194986072424,0.22562674094707522,0.22827298050139275
357,0.2617734278245464,0.3923072258466441,0.8517244458198547,0.7734375,-0.43424439430236816,0.7214484679665738,0.7298050139275766,0.5403899721448467,0.5264623955431755,0.5292479108635098,0.6293871866295264
358,1.0022068764178502,1.0,1.0,1.0,-1.912075608956343e-09,0.9944289693593314,0.9888579387186629,0.9331476323119777,0.935933147632312,0.9331476323119777,0.963091922005571
359,0.2608839651631529,0.39194791226086045,0.8633671402931213,0.787109375,-0.34401243925094604,0.6935933147632312,0.7075208913649025,0.5988857938718662,0.5905292479108635,0.6824512534818942,0.6561281337047353
